[
	{
		"nom": "Départ à l'étranger - Université de Sherbrooke",
		"date": "septembre 2014-decembre 2014",
		"description": "Suivi d'une session de cours à l'Université de Sherbrooke (Canada, Quebec), dans le cadre d'un échange."
	},
	{
		"nom": "Les 24h de l'innovation",
		"date": "février 2013-juin 2013",
		"description": "Organisation de l'évenement les 24h de l'innovation à l'UTC. Il s'agit d'un évènement international géré par l'ETS. Création du site internet, gestion de la logistique, communication sur l'évenement."
	},
	{
		"nom": "Président de l'association de poker de l'UTC",
		"date": "septembre 2012-septembre 2013",
		"description": "Pendant un an, je fus président de l'association de poker de l'UTC, cela m'a permis entre autre de développer mes qualités de management d'équipe, de gestion de trésorerie et d'organisation d'évènements au travers d'un tournoi organisé au sein de l'université."
	}, 
	{
		"nom": "Badminton",
		"date": "septembre 2010 - septembre 2014",
		"description": "Pratique du badminton en universitaire"
	}, 
	{
		"nom": "Handball",
		"date": "septembre 2010 - septembre 2012",
		"description": "Pratique du handball en universitaire (FFSU)"
	}
]