[
	{
		"nom": "Site personnel type CV",
		"langages": "HTML, CSS, javascript",
		"outils": "AngularJS",
		"gitHub": "http://wwwetu.utc.fr",
		"description": "Il s'agit du site sur lequel vous êtes en train de naviguer. Il a été réalisé à l'aide de la technologie AngularJS.",
		"image": "site.png"
	},
	{
		"nom": "Agil'Gator",
		"langages": "Android, Java",
		"outils": "Android, Jade",
		"gitHub": "http://wwwetu.utc.fr",
		"description": "Outil de gestion de projet de type méthodes agiles scrum développé sur android. Structure Client serveur, avec un serveur de type multi-agents.",
		"image": "agilgator.png"
	},
	{
		"nom": "Le clair indexeur",
		"langages": "Java",
		"outils": "Antlr, tomcat",
		"gitHub": "http://wwwetu.utc.fr",
		"description": "Application permettant la recherche d'articles en utilisant le langage naturel.",
		"image": "0.png"
	},
	{
		"nom": "Site internet du GIS UTSH",
		"langages": "PHP, HTML, CSS",
		"outils": "Technologies web",
		"gitHub": "http://wwwetu.utc.fr",
		"description": "Site internet permettant la transmission de connaissances et le dialogue entre plusieurs chercheurs éloignés géographiquement.",
		"image": "utsh.png"
	},
	{
		"nom": "Editeur de notes",
		"langages": "C++",
		"outils": "Qt",
		"gitHub": "http://wwwetu.utc.fr",
		"description": "Projet écrit en C++ à l'aide du framework Qt permettant à l'utilisateur de prendre des notes, de les organiser et de les exporter dans différents formats.",
		"image": "happyNote.png"
	}, 
	{
		"nom": "Prototype de Tower Defense",
		"langages": "C++",
		"outils": "SFML",
		"gitHub": "http://wwwetu.utc.fr",
		"description": "Projet réalisé pour l'apprentissage du langage C++ et des concepts objets. Il permettait de jouer contre une vague d'ennemis, sur un terrain pré-défini.",
		"image": "0.png"
	}, 
	{
		"nom": "Okiya",
		"langages": "Prolog",
		"outils": "théorie des jeux",
		"gitHub": "http://wwwetu.utc.fr",
		"description": "Une implémentation joueur contre joueur, joueur contre ordinateur, et ordinateur contre ordinateur",
		"image": "okiya.png"
	}
]