[
	
	{
		"nom": "Mobilité",
		"list": ["Android"]
	}, 
	{
		"nom": "Autres langages",
		"list": ["C",
				"Pascal"]
	}, 
	{
		"nom": "Langage orienté objet",
		"list": ["C++",
				"Java",
				"C#"]
	},
	{
		"nom": "Scripts",
		"list": ["Python",
				"Shell",
				"Perl"]
	},  
	{
		"nom": "outils",
		"list": ["Git",
				"Bazaar",
				"Jenkins",
				"Eclipse",
				"Gephi"]
	}, 
	{
		"nom": "Web",
		"list": ["HTML5",
				"CSS3",
				"Javascript",
				"JEE",
				"Spring",
				"ASP.NET",
				"AJAX"]
	},
	{
		"nom": "BDD",
		"list": ["SQL",
				"Oracle",
				"MySQL",
				"PL/SQL"]
	},
	{
		"nom": "Autres connaissances informatiques",
		"list": ["XNA Framework",
				"Swing Java",
				"Ergonomie"]
	}, 
	{
		"nom": "Langues",
		"list": ["Espagnol : B2 européen",
				"Anglais : B2 européen - 960 au TOEIC",
				"Français : langue maternelle"]
	}, 
	{
		"nom": "Systemes",
		"list": ["Windows",
				"Unix"]
	}
]