[
	{
		"id": "LO17",
		"name": "Indexation et recherche documentaire",
		"link": "http://wwwetu.utc.fr/~martinic/",
		"dommaine": "informatique, projet, perl",
		"description": "Le but de ce cours fut de comprendre et d'implémenter un système d'indexation de pages web, et de le rendre disponible à l'aide de requêtes écrites en langage naturel."
	}, 
	{
		"id": "LO18",
		"name": "Projets multimédia pour la formation",
		"link": "http://wwwetu.utc.fr/~martinic/",
		"dommaine": "informatique, projet, web",
		"description": "Ce cours traite de la gestion de projet dans le domaine du web."
	},
	{
		"id": "NF28",
		"name": "Ingénierie des systèmes interactifs",
		"link": "http://wwwetu.utc.fr/~martinic/",
		"dommaine": "informatique, interface, java, android",
		"description": "Durant ce cours, nous travaillons sur l'ergonomie et la conception de systèmes interactifs"
	}, 
	{
		"id": "IA04",
		"name": "Systèmes multi-agents",
		"link": "http://wwwetu.utc.fr/~martinic/",
		"dommaine": "informatique, intelligence, java",
		"description": "Ce cours traite des systèmes multi-agents. Nous utilisons la plateforme JADE (Java Agent Development E). Durant cette UV, j'ai réalisé un projet."
	}, 
	{
		"id": "IC05",
		"name": "Technologies pour la documentation et l'indexation dans l'hypermédia",
		"link": "http://wwwetu.utc.fr/~martinic/",
		"dommaine": "tsh, informatique, graphes",
		"description": "Ce cours traite de la cartographie des données."
	}, 
	{
		"id": "IC01",
		"name": "Histoire et prospective des industries culturelles",
		"link": "http://wwwetu.utc.fr/~martinic/",
		"dommaine": "tsh, philosophie",
		"description": "Ce cours traite des industries culturelles."
	}, 
	{
		"id": "LO21",
		"name": "Programmation et conception orientees objet",
		"link": "http://wwwetu.utc.fr/~martinic/",
		"dommaine": "informatique, objet, algorithmie, C++",
		"description": "Durant ce cours, nous apprenons les bases de l'approche orientée objet, et notamment les design patterns."
	}, 
	{
		"id":"NF17",
		"name": "Conception de bases de données",
		"link": "http://www.lol.fr",
		"dommaine": "informatique, bdd, SQL",
		"description": "Durant ce cours, nous apprenons les bases de la conception de bases de données à l'aide de UML, et de l'implémenter en PL/SQL"
	}, 
	{
		"id":"GE37",
		"name": "Gestion de projets",
		"link": "http://www.lol.fr",
		"dommaine": "projet",
		"description": "Durant ce cours, nous apprenons comment conduire un projet, durant les différentes phases."
	}, 
	{
		"id":"IA02",
		"name": "Résolution de problèmes et programmation logique",
		"link": "http://www.lol.fr",
		"dommaine": "informatique, intelligence, algorithmie",
		"description": "Durant ce cours, nous apprenons les bases de la programmation logique et l'application dans le cadre des jeux."
	}, 
	{
		"id":"IA01",
		"name": "Intelligence artificelle",
		"link": "http://www.lol.fr",
		"dommaine": "informatique, intelligence, algorithmie",
		"description": "Durant ce cours, nous apprenons les bases de l'intelligence artificielle, à travers de nombreux algorithmes."
	}, 
	{
		"id":"NF16",
		"name": "Résolution de problèmes et programmation logique",
		"link": "http://www.lol.fr",
		"dommaine": "informatique, algorithmie",
		"description": "Durant ce cours, nous apprenons les bases de la programmation logique"
	}, 
	{
		"id":"SR01",
		"name": "Maitrise des systèmes informatiques",
		"link": "http://www.lol.fr",
		"dommaine": "informatique, reseaux, os",
		"description": "Durant ce cours, nous apprenons les bases de la programmation système"
	}, 
	{
		"id":"SR02",
		"name": "Systèmes d'exploitation, des concepts à la programmation",
		"link": "http://www.lol.fr",
		"dommaine": "informatique, reseaux, os",
		"description": "Durant ce cours, nous apprenons la programmation système, les threads, les sémaphores..."
	}, 
	{
		"id":"MI01",
		"name": "Structure d'un calculateur",
		"link": "http://www.lol.fr",
		"dommaine": "informatique, assembleur",
		"description": "Durant ce cours, nous apprenons les bases de la programmation en assembleur, ainsi que le fonctionnement des micro-processeurs"
	}, 
	{
		"id":"NF02",
		"name": "Du circuit intégré au micro-processeurs",
		"link": "http://www.lol.fr",
		"dommaine": "informatique, assembleur, binaire",
		"description": "Durant ce cours, nous apprenons les bases de la programmation en assembleur, ainsi que le fonctionnement des micro-controleurs"
	}, 
	{
		"id":"NF01",
		"name": "algorithmie et programmation",
		"link": "http://www.lol.fr",
		"dommaine": "informatique, pascal, algorithmie",
		"description": "Durant ce cours, nous apprenons les bases de la programmation impérative"
	}, 
	{
		"id":"MT90",
		"name": "Fonction d'une variable réelle",
		"link": "http://www.lol.fr",
		"dommaine": "mathematiques",
		"description": "Cours sur les fonctions à variable réelle"
	}, 
	{
		"id":"MT91",
		"name": "Fonction d'une variable réelle 2",
		"link": "http://www.lol.fr",
		"dommaine": "mathematiques",
		"description": "Cours sur les fonctions à variable réelle"
	}, 
	{
		"id":"MT22",
		"name": "Fonctions de plusieurs variables réelles et applications",
		"link": "http://www.lol.fr",
		"dommaine": "mathematiques",
		"description": "Cours sur les fonctions à plusieurs variables"
	}, 
	{
		"id":"MT23",
		"name": "Algèbre linéaire et applications",
		"link": "http://www.lol.fr",
		"dommaine": "mathematiques",
		"description": "Cours d'Algèbre linéaire"
	}, 
	{
		"id":"MT94",
		"name": "Introduction aux mathématiques appliquées",
		"link": "http://www.lol.fr",
		"dommaine": "mathematiques, informatique, scilab",
		"description": "Durant ce cours, nous grand nombre de champs des mathématiques appliquées, tels que les fractales ou l'algorithme du PageRank"
	}, 
	{
		"id":"PS91",
		"name": "Mécanique physique",
		"link": "http://www.lol.fr",
		"dommaine": "physique",
		"description": "Ce cours traite de la mécanique du point"
	}, 
	{
		"id":"CM11",
		"name": "Chimie générale",
		"link": "http://www.lol.fr",
		"dommaine": "Chimie",
		"description": "Durant ce cours, nous apprenons les bases de la Chimie"
	}, 
	{
		"id":"GE36",
		"name": "Marketing",
		"link": "http://www.lol.fr",
		"dommaine": "tsh",
		"description": "Durant ce cours, nous apprenons les bases du Marketing"
	}, 
	{
		"id":"IFT604",
		"name": "Applications internet et mobilité",
		"link": "http://www.lol.fr",
		"dommaine": "informatique, android",
		"description": "Durant ce cours, nous apprenons les concepts des applicaitons clients-serveurs, ainsi que la programmation android"
	}, 
	{
		"id":"IFT501",
		"name": "Recherche d'informations et forage de données",
		"link": "http://www.lol.fr",
		"dommaine": "informatique",
		"description": "Durant ce cours, nous apprenons les bases du data mining"
	}, 
	{
		"id":"IFT725",
		"name": "Réseaux neuronaux",
		"link": "http://www.lol.fr",
		"dommaine": "informatique",
		"description": "Durant ce cours, nous apprenons à comprendre et concevoir des Réseaux de neurones"
	}, 
	{
		"id":"IFT693",
		"name": "Projet en systèmes intelligents",
		"link": "http://www.lol.fr",
		"dommaine": "informatique, projet",
		"description": "Il s'agit d'un cours permettant la réalisation d'un projet"
	}, 
	{
		"id":"MAR331",
		"name": "Comportement du consommateur",
		"link": "http://www.lol.fr",
		"dommaine": "tsh",
		"description": "Ce cours traite du Comportement du consommateur devant l'achat."
	}, 
	{
		"id":"SO04",
		"name": "Initiation au droit",
		"link": "http://www.lol.fr",
		"dommaine": "tsh",
		"description": "Ce cours nous apprend les bases du droit français"
	}
]