[
	{
		"nom": "Priceminister",
		"date": "septembre 2013-février 2014",
		"description": "Stage assistant ingénieur dans l'entreprise Priceminister (plateforme de commerce électronique, www.priceminister.fr). Sujet : Amélioration de la plateforme de e-commerce Priceminister : Boutiques et Fidelisation. Durant ce stage je fus complêtement intégré à une équipe d'études et développement travaillant sur le site internet de Priceminister ainsi que sur un outil externe permettant la personnalisation des boutiques."
	}, 
	{
		"nom": "LCL",
		"date": "Aout 2013",
		"description": "Guichetier dans l'agence LCL (banque) de Villers-cottêret (Aisne). Ce travail m'a permis de développer mes compétences quant à la relation avec le client, comme gérer ses demandes et ses problèmes."
	}, 
	{
		"nom": "Silca",
		"date": "Aout 2012",
		"description": "Travail en tant qu'auxilliaire d'été dans l'entreprise Silca (Production informatique, VilleJuif). Rattaché au service logistique. Ce travail m'a permis de découvrir le fonctionnement d'une entreprise de taille moyenne."
	}, 
	{
		"nom": "SAICA pack",
		"date": "fevrier 2011",
		"description": "Stage ouvrier dans l'entreprise de production de carton ondulé SAICA Paxk (Venizel, Aisne). Ce stage avait pour but de me confronter au travail d'ouvrier, afin que je puisse le mettre en lien avec le travail de l'ingénieur"
	}
]